file	length	ntok	gold	lp_gen	lp_spam	bpt_true	pred	correct	margin
../data/gen_spam/dev/gen/gen.10.158.txt	10	11	gen	-77.68527392345105	-85.14911152406891	10.188741767223958	gen	1	2.1705327758933777
../data/gen_spam/dev/gen/gen.101.156.txt	101	102	gen	-664.8978781689249	-776.1242657446778	9.404361485606884	gen	1	105.93308275102845
../data/gen_spam/dev/gen/gen.1026.098.txt	1026	1027	gen	-6355.755557198957	-6933.0701011281	8.92835153210653	gen	1	572.0212391044188
../data/gen_spam/dev/gen/gen.1050.064.txt	1050	1051	gen	-6403.9637098656185	-7463.4599382031965	8.790643849910577	gen	1	1054.2029235128539
../data/gen_spam/dev/gen/gen.106.120.txt	106	107	gen	-722.0751628330935	-832.2836243040861	9.7358341735364	gen	1	104.91515664626809
../data/gen_spam/dev/gen/gen.1071.116.txt	1071	1072	gen	-7426.196703383115	-7693.17474575498	9.994157795370139	gen	1	261.6847375471407
../data/gen_spam/dev/gen/gen.111.119.txt	111	112	gen	-707.2786319416239	-876.8258447226242	9.110601560972421	gen	1	164.25390795627584
../data/gen_spam/dev/gen/gen.113.142.txt	113	114	gen	-694.0707780358248	-785.3493143027817	8.783618153493236	gen	1	85.98523144223248
../data/gen_spam/dev/gen/gen.115.040.txt	115	116	gen	-773.7617224221499	-889.0155398522201	9.623294825587399	gen	1	109.96051260534568
../data/gen_spam/dev/gen/gen.115.169.txt	115	116	gen	-620.7412045578864	-812.4972749150072	7.720174633544002	gen	1	186.46276553239636
../data/gen_spam/dev/gen/gen.116.154.txt	116	117	gen	-622.5023331558348	-834.7097168133112	7.675906230647285	gen	1	206.9140788327519
../data/gen_spam/dev/gen/gen.1165.139.txt	1165	1166	gen	-7525.337377557884	-7771.435427181465	9.311120853875742	gen	1	240.80474479885652
../data/gen_spam/dev/gen/gen.118.029.txt	118	119	gen	-725.5461355516607	-836.2049486909859	8.796149678122122	gen	1	105.36550831460079
../data/gen_spam/dev/gen/gen.1208.180.txt	1208	1209	gen	-5914.007947260019	-5445.0303798412315	7.0571628927129435	spam	0	474.2708722435118
../data/gen_spam/dev/gen/gen.1209.083.txt	1209	1210	gen	-8104.22665175175	-8353.591617729191	9.662750083241669	gen	1	244.07166115271684
../data/gen_spam/dev/gen/gen.121.009.txt	121	122	gen	-734.8155255923417	-791.9233507312692	8.689464874920398	gen	1	51.81452031420304
../data/gen_spam/dev/gen/gen.121.175.txt	121	122	gen	-800.3674554016393	-897.4902228041275	9.464640645875932	gen	1	91.8294625777637
../data/gen_spam/dev/gen/gen.124.007.txt	124	125	gen	-789.3480838910042	-852.8482915589319	9.11030852931806	gen	1	58.20690284320324
../data/gen_spam/dev/gen/gen.128.099.txt	128	129	gen	-772.2589323683602	-900.6811280132983	8.636698697752237	gen	1	123.12889082021366
../data/gen_spam/dev/gen/gen.128.167.txt	128	129	gen	-849.94386165683	-979.0577125790437	9.505502280979254	gen	1	123.82054609748923
../data/gen_spam/dev/gen/gen.129.166.txt	129	130	gen	-899.0663216085129	-982.0402786819013	9.977527104729873	gen	1	77.68065224866393
../data/gen_spam/dev/gen/gen.1290.117.txt	1290	1291	gen	-7713.483629347962	-9140.111645984414	8.619833137132849	gen	1	1421.334711811728
../data/gen_spam/dev/gen/gen.130.030.txt	130	131	gen	-832.5618200399495	-982.5624153966398	9.168952740497135	gen	1	144.7072905319659
../data/gen_spam/dev/gen/gen.131.110.txt	131	132	gen	-817.5234470828323	-1040.0980911439867	8.935128961491312	gen	1	217.28133923642997
../data/gen_spam/dev/gen/gen.132.001.txt	132	133	gen	-777.277900293657	-924.8906126544691	8.43139076801688	gen	1	142.31940753608762
../data/gen_spam/dev/gen/gen.135.019.txt	135	136	gen	-658.2797803326766	-795.2463565715104	6.983065989731094	gen	1	131.6732714141093
../data/gen_spam/dev/gen/gen.1355.129.txt	1355	1356	gen	-8652.49605368287	-9243.597438130644	9.205688162212097	gen	1	585.8080796230497
../data/gen_spam/dev/gen/gen.1388.063.txt	1388	1389	gen	-8992.306190798243	-9296.381611188659	9.339924800302196	gen	1	298.78211556569113
../data/gen_spam/dev/gen/gen.141.071.txt	141	142	gen	-892.6358392674239	-1016.5521895766879	9.069023229794862	gen	1	118.62304548453949
../data/gen_spam/dev/gen/gen.142.159.txt	142	143	gen	-995.1816377820369	-1030.6131282351464	10.040165130153156	gen	1	30.13818562838503
../data/gen_spam/dev/gen/gen.147.021.txt	147	148	gen	-881.0526499139257	-1062.521211095072	8.58844789724933	gen	1	176.17525635642176
../data/gen_spam/dev/gen/gen.147.045.txt	147	148	gen	-1013.8390706007918	-1116.8489992985062	9.882841887940799	gen	1	97.71662387298989
../data/gen_spam/dev/gen/gen.147.077.txt	147	148	gen	-932.3584482231604	-959.1727564848635	9.088573713395155	gen	1	21.521003436978617
../data/gen_spam/dev/gen/gen.152.126.txt	152	153	gen	-970.3176715301895	-1147.5464076601058	9.149493417016538	gen	1	171.93543130519186
../data/gen_spam/dev/gen/gen.153.125.txt	153	154	gen	-885.8737888288482	-1049.2201365465294	8.298998194785039	gen	1	158.05304289295668
../data/gen_spam/dev/gen/gen.154.149.txt	154	155	gen	-1065.4436783952963	-1216.3789122908606	9.916840717208965	gen	1	145.64192907083998
../data/gen_spam/dev/gen/gen.159.069.txt	159	160	gen	-1008.8316062396168	-1127.176532475976	9.09647722133714	gen	1	113.05162141163476
../data/gen_spam/dev/gen/gen.16.157.txt	16	17	gen	-94.79792433281531	-97.80982688889245	8.04497031303058	spam	0	2.281402268647355
../data/gen_spam/dev/gen/gen.160.097.txt	160	161	gen	-1034.9749257677593	-1244.7144481949215	9.274243433848257	gen	1	204.44621760243786
../data/gen_spam/dev/gen/gen.161.150.txt	161	162	gen	-1038.9974044363732	-1126.411999612869	9.252817301709015	gen	1	82.12129035177145
../data/gen_spam/dev/gen/gen.163.141.txt	163	164	gen	-775.6488078527948	-941.4890177576106	6.823321271711364	gen	1	160.54690508009128
../data/gen_spam/dev/gen/gen.168.144.txt	168	169	gen	-1220.285473183738	-1268.8196370334601	10.417158583615509	gen	1	43.24085902499769
../data/gen_spam/dev/gen/gen.168.152.txt	168	169	gen	-1049.4264375146274	-1121.656176726008	8.958593592781803	gen	1	66.93643438665617
../data/gen_spam/dev/gen/gen.170.086.txt	170	171	gen	-1105.8730393468409	-1316.9297006972502	9.330044150400543	gen	1	205.7633565256849
../data/gen_spam/dev/gen/gen.1715.005.txt	1715	1716	gen	-11389.326187885148	-12514.370675364615	9.575363875482928	gen	1	1119.7511826547416
../data/gen_spam/dev/gen/gen.173.132.txt	173	174	gen	-1285.8873731481558	-1377.514223703372	10.661743312543566	gen	1	86.33354573049178
../data/gen_spam/dev/gen/gen.174.067.txt	174	175	gen	-1245.82258806615	-1327.8178002800814	10.27052611217422	gen	1	76.70190738920701
../data/gen_spam/dev/gen/gen.178.073.txt	178	179	gen	-1166.1706332800065	-1348.3703496149976	9.399042399236913	gen	1	176.9064115102667
../data/gen_spam/dev/gen/gen.181.078.txt	181	182	gen	-1091.5471387534278	-1411.3030736913188	8.652580461407185	gen	1	314.4626301131666
../data/gen_spam/dev/gen/gen.187.173.txt	187	188	gen	-1055.328539340285	-1124.0138691855293	8.09849601178097	gen	1	63.392025020519895
../data/gen_spam/dev/gen/gen.190.155.txt	190	191	gen	-1128.0227901632666	-1480.3503920207459	8.520381598839144	gen	1	347.0342970327549
../data/gen_spam/dev/gen/gen.195.065.txt	195	196	gen	-1198.2023453180086	-1248.6803597242413	8.819594803937838	gen	1	45.18470958150829
../data/gen_spam/dev/gen/gen.197.174.txt	197	198	gen	-1251.2325598002303	-1334.1118508488184	9.116904085972704	gen	1	77.58598622386376
../data/gen_spam/dev/gen/gen.20.059.txt	20	21	gen	-108.95087012245212	-135.81723259932363	7.4848990488666285	gen	1	21.573057652147014
../data/gen_spam/dev/gen/gen.21.179.txt	21	22	gen	-133.6896344719648	-177.79060988406815	8.76697148504372	gen	1	38.80767058737882
../data/gen_spam/dev/gen/gen.211.094.txt	211	212	gen	-1394.1197285574447	-1504.4061206759782	9.487215182996666	gen	1	104.99308729380914
../data/gen_spam/dev/gen/gen.218.049.txt	218	219	gen	-1301.7737752673895	-1485.2041718831215	8.5756281732309	gen	1	178.1370917910076
../data/gen_spam/dev/gen/gen.22.022.txt	22	23	gen	-143.1413956926367	-163.55374533560305	8.978668770073556	gen	1	15.119044818241832
../data/gen_spam/dev/gen/gen.221.053.txt	221	222	gen	-1380.9254833372381	-1631.0782655114854	8.974118678593822	gen	1	244.85947734952288
../data/gen_spam/dev/gen/gen.222.089.txt	222	223	gen	-1459.6014978887495	-1592.2130893121614	9.442869249678035	gen	1	127.31828659868756
../data/gen_spam/dev/gen/gen.230.024.txt	230	231	gen	-1348.2479297104721	-1613.960274160746	8.42039221680567	gen	1	260.41903962554943
../data/gen_spam/dev/gen/gen.231.140.txt	231	232	gen	-1593.6785798526087	-1742.9035286207275	9.910311137604847	gen	1	143.93164394339442
../data/gen_spam/dev/gen/gen.234.151.txt	234	235	gen	-1348.1971488518009	-1571.6979656018925	8.276754641655884	gen	1	218.20751192536727
../data/gen_spam/dev/gen/gen.236.095.txt	236	237	gen	-1610.5827006043953	-1730.2159561221056	9.804133650225804	gen	1	114.3399506929859
../data/gen_spam/dev/gen/gen.236.137.txt	236	237	gen	-1423.0591040868378	-1580.7396625329905	8.662617351721401	gen	1	152.38725362142827
../data/gen_spam/dev/gen/gen.24.010.txt	24	25	gen	-145.20655674634858	-158.12016915280145	8.379551172900758	gen	1	7.620307581728355
../data/gen_spam/dev/gen/gen.24.042.txt	24	25	gen	-140.13763511081652	-190.85928856351782	8.087034848651282	gen	1	45.42834862797679
../data/gen_spam/dev/gen/gen.24.090.txt	24	25	gen	-174.99847693139313	-193.13042165665092	10.0987773932817	gen	1	12.83863990053328
../data/gen_spam/dev/gen/gen.240.172.txt	240	241	gen	-700.7491996237941	-1819.5530451639625	4.194885457278664	gen	1	1113.5105407154438
../data/gen_spam/dev/gen/gen.25.011.txt	25	26	gen	-170.5635478007003	-171.4021713599214	9.464276329557615	spam	0	4.45468126550341
../data/gen_spam/dev/gen/gen.257.122.txt	257	258	gen	-1598.9297496071213	-1746.5278398468415	8.94096131972103	gen	1	142.30478541499588
../data/gen_spam/dev/gen/gen.266.054.txt	266	267	gen	-770.3141717260756	-2015.1357234142765	4.162278784553179	gen	1	1239.5282468634764
../data/gen_spam/dev/gen/gen.266.130.txt	266	267	gen	-1721.1581263364317	-1903.8977590624795	9.30002357097869	gen	1	177.44632790132346
../data/gen_spam/dev/gen/gen.267.026.txt	267	268	gen	-1801.719581570047	-2003.9123687527087	9.698999647028527	gen	1	196.89948235793736
../data/gen_spam/dev/gen/gen.268.020.txt	268	269	gen	-1867.0939358718783	-2025.3551521890254	10.013558223629053	gen	1	152.96791149242267
../data/gen_spam/dev/gen/gen.268.038.txt	268	269	gen	-1735.8664728316364	-1861.9422074594625	9.309761903344306	gen	1	120.78242980310165
../data/gen_spam/dev/gen/gen.27.025.txt	27	28	gen	-133.87237912925426	-148.7882906277715	6.897750624349367	gen	1	9.622606673792717
../data/gen_spam/dev/gen/gen.27.047.txt	27	28	gen	-189.2156943754916	-202.0594982044815	9.749305140495839	gen	1	7.55049900426539
../data/gen_spam/dev/gen/gen.275.133.txt	275	276	gen	-1898.4934846232513	-2090.491011300504	9.923721505166565	gen	1	186.704221852528
../data/gen_spam/dev/gen/gen.276.102.txt	276	277	gen	-1558.1816857220265	-1681.9651861405132	8.115454840415786	gen	1	118.49019559376234
../data/gen_spam/dev/gen/gen.28.072.txt	28	29	gen	-205.92745788391548	-210.45769108234305	10.244500767999853	spam	0	0.7630716262969486
../data/gen_spam/dev/gen/gen.280.013.txt	280	281	gen	-1766.9446602729615	-1924.926379303784	9.071751953384469	gen	1	152.68841420609806
../data/gen_spam/dev/gen/gen.283.105.txt	283	284	gen	-1968.8505751699	-2211.9955823070286	10.001587891017598	gen	1	237.8517023124041
../data/gen_spam/dev/gen/gen.283.170.txt	283	284	gen	-1761.4677108245903	-2192.7433038192885	8.948101165819265	gen	1	425.9822881699736
../data/gen_spam/dev/gen/gen.29.018.txt	29	30	gen	-199.97083159974036	-238.10576746786242	9.616564235712914	gen	1	32.84163104339754
../data/gen_spam/dev/gen/gen.290.035.txt	290	291	gen	-1938.4410116850077	-2131.516136651096	9.610237919634866	gen	1	187.78182014136382
../data/gen_spam/dev/gen/gen.299.092.txt	299	300	gen	-1128.8531988894015	-1700.2697373559536	5.428636373097941	gen	1	566.1232336418277
../data/gen_spam/dev/gen/gen.30.176.txt	30	31	gen	-185.77314134875803	-211.03040300118582	8.645612572716697	gen	1	19.96395682770327
../data/gen_spam/dev/gen/gen.300.074.txt	300	301	gen	-1925.5400904311055	-2019.2227503207312	9.229126709295157	gen	1	88.38935506490134
../data/gen_spam/dev/gen/gen.302.039.txt	302	303	gen	-2065.173575193152	-2248.0132134274904	9.833055034673569	gen	1	177.5463334096139
../data/gen_spam/dev/gen/gen.302.168.txt	302	303	gen	-1990.0254267566045	-2185.2296795612847	9.475246912292727	gen	1	189.9109479799556
../data/gen_spam/dev/gen/gen.305.034.txt	305	306	gen	-1990.921482861001	-2133.790550505669	9.386576961185842	gen	1	137.57576281994352
../data/gen_spam/dev/gen/gen.316.052.txt	316	317	gen	-2003.6833177781398	-2391.277405748206	9.11894001914974	gen	1	382.3007831453417
../data/gen_spam/dev/gen/gen.320.147.txt	320	321	gen	-2158.7538792883147	-2359.2785469759015	9.702253944389605	gen	1	195.23136286286217
../data/gen_spam/dev/gen/gen.322.100.txt	322	323	gen	-1964.00996675273	-2156.5250156337847	8.77234501328378	gen	1	187.22174405633018
../data/gen_spam/dev/gen/gen.327.112.txt	327	328	gen	-2025.0702542334227	-2343.7838785510226	8.907191503763144	gen	1	313.42031949287525
../data/gen_spam/dev/gen/gen.328.145.txt	328	329	gen	-2087.7541551252743	-2480.78329277982	9.15499260241508	gen	1	387.735832829821
../data/gen_spam/dev/gen/gen.33.060.txt	33	34	gen	-256.4793577221367	-252.7767031841315	10.88298521988568	spam	0	8.995959362729678
../data/gen_spam/dev/gen/gen.331.017.txt	331	332	gen	-2117.4711825092068	-2435.904500261291	9.201401127202777	gen	1	313.14001292735975
../data/gen_spam/dev/gen/gen.331.177.txt	331	332	gen	-2192.543058714532	-2474.4973381722866	9.527623487177635	gen	1	276.66097463303004
../data/gen_spam/dev/gen/gen.34.032.txt	34	35	gen	-184.30464454588636	-227.92369560237427	7.597011334261526	gen	1	38.32574623176339
../data/gen_spam/dev/gen/gen.340.046.txt	340	341	gen	-2273.316490238881	-2572.8640799541813	9.617895679878997	gen	1	294.2542848905755
../data/gen_spam/dev/gen/gen.345.015.txt	345	346	gen	-2067.2487941359636	-2307.7281069932937	8.619680877409378	gen	1	235.1860080326055
../data/gen_spam/dev/gen/gen.345.023.txt	345	346	gen	-2310.2704698469956	-2565.2243904906927	9.632993496995596	gen	1	249.66061581897247
../data/gen_spam/dev/gen/gen.35.084.txt	35	36	gen	-242.4296746222036	-263.4179511295991	9.715335815049393	gen	1	15.694971682670968
../data/gen_spam/dev/gen/gen.35.118.txt	35	36	gen	-223.58646622626176	-263.3715136801239	8.960196834292098	gen	1	34.491742629137605
../data/gen_spam/dev/gen/gen.354.057.txt	354	355	gen	-1104.068196993266	-2645.6771268699845	4.486855528465927	gen	1	1536.315625051994
../data/gen_spam/dev/gen/gen.363.036.txt	363	364	gen	-2479.0555732021403	-2648.9710958187593	9.825607641612292	gen	1	164.6222177918944
../data/gen_spam/dev/gen/gen.368.106.txt	368	369	gen	-2361.8363009585223	-2583.3262536800535	9.234172137627084	gen	1	216.19664789680655
../data/gen_spam/dev/gen/gen.37.062.txt	37	38	gen	-229.83175721795692	-276.64840395512994	8.725714115187966	gen	1	41.5233419124485
../data/gen_spam/dev/gen/gen.371.123.txt	371	372	gen	-2578.2028874575235	-2690.493306859678	9.998818602528429	gen	1	106.99711457742978
../data/gen_spam/dev/gen/gen.38.161.txt	38	39	gen	-264.8299418696784	-267.4538538955367	9.796637020879423	spam	0	2.66939279886617
../data/gen_spam/dev/gen/gen.39.051.txt	39	40	gen	-260.36838005653584	-288.93538275111973	9.390804267796428	gen	1	23.273697869859404
../data/gen_spam/dev/gen/gen.40.162.txt	40	41	gen	-121.77542099506381	-319.5746550999659	4.284995023701081	gen	1	192.5059292801776
../data/gen_spam/dev/gen/gen.404.016.txt	404	405	gen	-2890.9325227452505	-3009.566871198586	10.298108676812822	gen	1	113.3410436286108
../data/gen_spam/dev/gen/gen.433.101.txt	433	434	gen	-3020.210153653425	-3220.9600123617015	10.039728597046752	gen	1	195.4565538835518
../data/gen_spam/dev/gen/gen.44.160.txt	44	45	gen	-205.40545663259425	-284.75490854490647	6.585276303452817	gen	1	74.0561470875877
../data/gen_spam/dev/gen/gen.445.080.txt	445	446	gen	-3174.420143379103	-3419.4155884774914	10.268430938455301	gen	1	239.70214027366364
../data/gen_spam/dev/gen/gen.447.031.txt	447	448	gen	-2672.2437528192117	-3050.074991305105	8.6054303799973	gen	1	372.5379336611686
../data/gen_spam/dev/gen/gen.448.111.txt	448	449	gen	-2869.117741500469	-3385.0678474583765	9.218846185722205	gen	1	510.65680113318285
../data/gen_spam/dev/gen/gen.449.056.txt	449	450	gen	-3177.988449691954	-3517.7401396078117	10.188595947495527	gen	1	334.4583850911331
../data/gen_spam/dev/gen/gen.45.075.txt	45	46	gen	-335.127463860514	-352.2578791088127	10.510581090809975	gen	1	11.837110423574188
../data/gen_spam/dev/gen/gen.451.163.txt	451	452	gen	-3065.0119484571296	-3493.233520759971	9.782914907753364	gen	1	422.9282674781166
../data/gen_spam/dev/gen/gen.47.070.txt	47	48	gen	-263.97227333948416	-346.75956107253916	7.933989368313745	gen	1	77.49398290833051
../data/gen_spam/dev/gen/gen.47.178.txt	47	48	gen	-279.277452109582	-368.72295623771123	8.394004066470812	gen	1	84.15219930340476
../data/gen_spam/dev/gen/gen.471.027.txt	471	472	gen	-2750.4170831191277	-2943.5880149816867	8.406807386000537	gen	1	187.87762703783437
../data/gen_spam/dev/gen/gen.48.165.txt	48	49	gen	-304.8949536335752	-358.3094859362219	8.976947706106722	gen	1	48.12122747792222
../data/gen_spam/dev/gen/gen.492.121.txt	492	493	gen	-2879.596813044824	-3023.3246579671027	8.426734364988704	gen	1	138.43454009755396
../data/gen_spam/dev/gen/gen.50.004.txt	50	51	gen	-361.5709466519682	-392.2850099002232	10.228168856163187	gen	1	25.420758423530515
../data/gen_spam/dev/gen/gen.50.033.txt	50	51	gen	-229.93762339855812	-337.69973416156597	6.504507235115567	gen	1	102.46880593828334
../data/gen_spam/dev/gen/gen.51.146.txt	51	52	gen	-373.9565360260057	-395.36665716841895	10.375100769860259	gen	1	16.116816317688745
../data/gen_spam/dev/gen/gen.526.028.txt	526	527	gen	-3412.9247270548112	-3614.3942447668455	9.34309217960018	gen	1	196.1762128873097
../data/gen_spam/dev/gen/gen.532.148.txt	532	533	gen	-3700.771182337798	-4062.531691948758	10.017043587661403	gen	1	356.46720478623547
../data/gen_spam/dev/gen/gen.551.044.txt	551	552	gen	-3402.148376283516	-3482.844266040023	8.891780055856282	gen	1	75.40258493178226
../data/gen_spam/dev/gen/gen.56.103.txt	56	57	gen	-425.2078200432951	-463.2299749140873	10.762196724976642	gen	1	32.72885004606769
../data/gen_spam/dev/gen/gen.57.043.txt	57	58	gen	-357.67697030328316	-424.86027700923177	8.896875712012683	gen	1	61.89000188122412
../data/gen_spam/dev/gen/gen.571.003.txt	571	572	gen	-3947.509031859379	-4237.567474061805	9.956384098125733	gen	1	284.7651373777021
../data/gen_spam/dev/gen/gen.59.138.txt	59	60	gen	-333.83459647589945	-407.04577893294254	8.027025280215806	gen	1	67.9178776323186
../data/gen_spam/dev/gen/gen.60.109.txt	60	61	gen	-304.9500938777934	-404.9588980069008	7.212294887805187	gen	1	94.71549930438294
../data/gen_spam/dev/gen/gen.60.114.txt	60	61	gen	-377.500007753453	-460.0620418819398	8.928153920023801	gen	1	77.26872930376231
../data/gen_spam/dev/gen/gen.60.136.txt	60	61	gen	-340.6346933206439	-446.9131154021984	8.056262013252883	gen	1	100.98511725683
../data/gen_spam/dev/gen/gen.63.107.txt	63	64	gen	-382.9266147520983	-431.08275302027494	8.631973876988294	gen	1	42.86283344345213
../data/gen_spam/dev/gen/gen.64.153.txt	64	65	gen	-391.4124918162119	-438.70073718422907	8.687520936696014	gen	1	41.99494054329267
../data/gen_spam/dev/gen/gen.643.127.txt	643	644	gen	-4464.995427219003	-4729.298350378638	10.002526025529122	gen	1	259.00961833491056
../data/gen_spam/dev/gen/gen.65.096.txt	65	66	gen	-380.60222697630064	-419.3803185895412	8.319590081969768	gen	1	33.48478678851609
../data/gen_spam/dev/gen/gen.654.079.txt	654	655	gen	-4360.583134183692	-4777.791778590631	9.604567424535674	gen	1	411.915339582215
../data/gen_spam/dev/gen/gen.66.082.txt	66	67	gen	-403.3431970369055	-515.7984213472458	8.685092987185726	gen	1	107.1619194856159
../data/gen_spam/dev/gen/gen.66.091.txt	66	67	gen	-380.13914041753156	-502.72035791865113	8.185445563106958	gen	1	117.28791267639508
../data/gen_spam/dev/gen/gen.66.143.txt	66	67	gen	-368.02873080232433	-440.2884341392657	7.9246749975100395	gen	1	66.96639851221687
../data/gen_spam/dev/gen/gen.660.055.txt	660	661	gen	-4652.283447955539	-4937.414307014902	10.15404880359344	gen	1	279.83755423463936
../data/gen_spam/dev/gen/gen.660.088.txt	660	661	gen	-4044.4986839987696	-4733.132209211177	8.827501050358492	gen	1	683.3402203876831
../data/gen_spam/dev/gen/gen.680.164.txt	680	681	gen	-4222.715888042979	-4649.143923669604	8.945802159710192	gen	1	421.13473080190124
../data/gen_spam/dev/gen/gen.69.124.txt	69	70	gen	-477.585572212425	-517.9452051628175	9.843004809014051	gen	1	35.066328125668065
../data/gen_spam/dev/gen/gen.70.037.txt	70	71	gen	-375.1374425254477	-441.99088464650373	7.622660957510309	gen	1	61.56013729633156
../data/gen_spam/dev/gen/gen.700.048.txt	700	701	gen	-4014.7441480669877	-4428.10865667957	8.262555596083066	gen	1	408.0712037878584
../data/gen_spam/dev/gen/gen.71.041.txt	71	72	gen	-383.1626165406984	-529.3550060895575	7.677594538018127	gen	1	140.89908472413464
../data/gen_spam/dev/gen/gen.713.014.txt	713	714	gen	-4421.071793300291	-5060.241530787392	8.933134946230261	gen	1	633.8764326623768
../data/gen_spam/dev/gen/gen.72.058.txt	72	73	gen	-287.66212966101034	-410.2508869130212	5.685051067308186	gen	1	117.29545242728636
../data/gen_spam/dev/gen/gen.76.081.txt	76	77	gen	-473.2829716510784	-580.658124533663	8.867571378418216	gen	1	102.08184805786016
../data/gen_spam/dev/gen/gen.76.104.txt	76	77	gen	-481.5770002979719	-599.4741460222625	9.022970780987881	gen	1	112.6038408995662
../data/gen_spam/dev/gen/gen.766.115.txt	766	767	gen	-4029.753366314471	-4176.31831564084	7.5797981715612694	gen	1	141.27164450164537
../data/gen_spam/dev/gen/gen.78.008.txt	78	79	gen	-490.16065746004756	-600.9985863517813	8.951295566537778	gen	1	105.54462406700935
../data/gen_spam/dev/gen/gen.80.066.txt	80	81	gen	-511.8470182859832	-594.7949112513437	9.11653277746902	gen	1	77.65458814063606
../data/gen_spam/dev/gen/gen.833.108.txt	833	834	gen	-4866.581937561519	-5158.0105386855175	8.41845758681032	gen	1	286.13529629927416
../data/gen_spam/dev/gen/gen.86.087.txt	86	87	gen	-578.8285258667813	-660.8499977191804	9.59854073325373	gen	1	76.72816702767454
../data/gen_spam/dev/gen/gen.86.131.txt	86	87	gen	-602.6796688256452	-684.7067491527549	9.994057120222541	gen	1	76.73377550238524
../data/gen_spam/dev/gen/gen.872.002.txt	872	873	gen	-5739.751718252632	-6079.041744533844	9.485350904761717	gen	1	333.99672145648856
../data/gen_spam/dev/gen/gen.9.076.txt	9	10	gen	-66.90530824086353	-65.90777904213657	9.652395640824132	spam	0	6.290834023451453
../data/gen_spam/dev/gen/gen.90.085.txt	90	91	gen	-604.6716837924015	-689.8451844283012	9.586338896409638	gen	1	79.88019581117521
../data/gen_spam/dev/gen/gen.92.135.txt	92	93	gen	-504.96958920551987	-672.9809809006817	7.8335174424359195	gen	1	162.71808687043745
../data/gen_spam/dev/gen/gen.93.134.txt	93	94	gen	-608.9800369747751	-731.4373905085465	9.34651573770091	gen	1	117.16404870904694
../data/gen_spam/dev/gen/gen.94.113.txt	94	95	gen	-590.6443224296316	-618.2953265699648	8.969680367352122	gen	1	22.35769931560867
../data/gen_spam/dev/gen/gen.95.050.txt	95	96	gen	-642.926972143875	-738.4135031550387	9.661953691309638	gen	1	90.19322618643923
../data/gen_spam/dev/gen/gen.95.128.txt	95	96	gen	-621.5722254627764	-721.2736937977961	9.341032991973586	gen	1	94.40816351029525
../data/gen_spam/dev/gen/gen.953.012.txt	953	954	gen	-6449.401738518995	-6936.40322448886	9.753165518723286	gen	1	481.70818114514077
../data/gen_spam/dev/gen/gen.96.068.txt	96	97	gen	-683.193418977206	-727.9578661659684	10.161234613674134	gen	1	39.47114236403797
../data/gen_spam/dev/gen/gen.96.093.txt	96	97	gen	-564.0890091967805	-680.0762832961634	8.389777486475918	gen	1	110.69396927465846
../data/gen_spam/dev/gen/gen.97.171.txt	97	98	gen	-613.2573942365498	-760.6923566495631	9.027993892383249	gen	1	142.1416575882888
../data/gen_spam/dev/gen/gen.98.006.txt	98	99	gen	-576.4139745559529	-745.669217723887	8.399894773646166	gen	1	163.96193834320957
../data/gen_spam/dev/gen/gen.98.061.txt	98	99	gen	-683.885391235124	-775.0243379140518	9.966041035063858	gen	1	85.84564185420334
../data/gen_spam/dev/spam/spam.10.067.txt	10	11	spam	-63.29933152103288	-76.89239383299164	10.08475229681256	gen	0	8.299757487234274
../data/gen_spam/dev/spam/spam.104.052.txt	104	105	spam	-757.7665171395171	-708.6577165315747	9.736923555502853	spam	1	54.40210543266687
../data/gen_spam/dev/spam/spam.108.026.txt	108	109	spam	-765.3604742300523	-720.9814189410941	9.542718510820226	spam	1	49.67236011368266
../data/gen_spam/dev/spam/spam.109.038.txt	109	110	spam	-761.7201684071521	-708.9610003947993	9.298313813211413	spam	1	58.05247283707729
../data/gen_spam/dev/spam/spam.109.039.txt	109	110	spam	-761.7201684071521	-708.9610003947993	9.298313813211413	spam	1	58.05247283707729
../data/gen_spam/dev/spam/spam.11.071.txt	11	12	spam	-59.97183805023927	-91.96864460675997	11.056892290954345	gen	0	26.70350173179621
../data/gen_spam/dev/spam/spam.115.023.txt	115	116	spam	-785.6792218680026	-769.2254043046129	9.566876518242008	spam	1	21.747122388114235
../data/gen_spam/dev/spam/spam.1158.048.txt	1158	1159	spam	-7697.7502761425885	-7787.184984105045	9.693298670451554	gen	0	84.1414031377326
../data/gen_spam/dev/spam/spam.1158.049.txt	1158	1159	spam	-7703.446707158084	-7791.272565594167	9.698386792577166	gen	0	82.53255361135871
../data/gen_spam/dev/spam/spam.116.047.txt	116	117	spam	-823.4965754606782	-855.3825371192503	10.547488413375746	gen	0	26.592656833847627
../data/gen_spam/dev/spam/spam.117.016.txt	117	118	spam	-885.3821412005366	-699.8070025667821	8.556000781207345	spam	1	190.86844345847896
../data/gen_spam/dev/spam/spam.118.051.txt	118	119	spam	-865.9915531562536	-806.7841805882873	9.781038121028471	spam	1	64.50067739269082
../data/gen_spam/dev/spam/spam.120.063.txt	120	121	spam	-883.6663951620528	-395.13875923850213	4.711278747243018	spam	1	493.82094074827523
../data/gen_spam/dev/spam/spam.124.082.txt	124	125	spam	-756.5200686913404	-702.6454813031056	8.109625211032235	spam	1	59.16789221295926
../data/gen_spam/dev/spam/spam.124.088.txt	124	125	spam	-756.5200686913404	-702.6454813031056	8.109625211032235	spam	1	59.16789221295926
../data/gen_spam/dev/spam/spam.125.090.txt	125	126	spam	-876.7049524834996	-701.1239749532118	8.027841918359973	spam	1	180.87428235501227
../data/gen_spam/dev/spam/spam.129.034.txt	129	130	spam	-925.768278057008	-821.9953383339841	9.122219986525266	spam	1	109.0662445477484
../data/gen_spam/dev/spam/spam.134.053.txt	134	135	spam	-778.6387123977014	-794.4304451304741	8.489784174229236	gen	0	10.498427908048257
../data/gen_spam/dev/spam/spam.14.012.txt	14	15	spam	-110.47786802284166	-88.72062446966127	8.533120329796823	spam	1	27.050548377904875
../data/gen_spam/dev/spam/spam.149.076.txt	149	150	spam	-1032.6527571745166	-915.7320358729874	8.807480446247421	spam	1	122.21402612625366
../data/gen_spam/dev/spam/spam.159.080.txt	159	160	spam	-1161.5713542015317	-605.7636053916382	5.4620759340595955	spam	1	561.1010536346179
../data/gen_spam/dev/spam/spam.16.019.txt	16	17	spam	-106.16324139006952	-111.22869094683041	9.439357696091964	spam	1	0.2278552679635908
../data/gen_spam/dev/spam/spam.160.045.txt	160	161	spam	-834.3094817973339	-744.0740364899638	6.667527468933567	spam	1	95.52875013209461
../data/gen_spam/dev/spam/spam.161.028.txt	161	162	spam	-1173.0239951458852	-1203.142603832824	10.714616469332409	gen	0	24.82530386221447
../data/gen_spam/dev/spam/spam.164.017.txt	164	165	spam	-1174.2809666183437	-1126.1554685101887	9.84666005872507	spam	1	53.418802932879316
../data/gen_spam/dev/spam/spam.164.084.txt	164	165	spam	-1232.5730034062447	-1248.904832071029	10.919932168309922	gen	0	11.038523840059952
../data/gen_spam/dev/spam/spam.165.040.txt	165	166	spam	-1092.4323596352083	-1019.1470656375799	8.857339864649852	spam	1	78.57859882235277
../data/gen_spam/dev/spam/spam.166.060.txt	166	167	spam	-1105.8786005536997	-1033.2839630753188	8.92642903807699	spam	1	77.88794230310532
../data/gen_spam/dev/spam/spam.175.058.txt	175	176	spam	-1252.5162040510977	-1240.3447735261943	10.167268487265824	spam	1	17.464735349627745
../data/gen_spam/dev/spam/spam.178.064.txt	178	179	spam	-1272.1158003820826	-1179.502382766162	9.506492951583565	spam	1	97.9067224406449
../data/gen_spam/dev/spam/spam.18.007.txt	18	19	spam	-143.11350047816205	-96.30707132001861	7.312722852417398	spam	1	52.099733982867946
../data/gen_spam/dev/spam/spam.180.062.txt	180	181	spam	-1324.595247635221	-1278.835815398713	10.19320491152993	spam	1	51.05273706123239
../data/gen_spam/dev/spam/spam.180.072.txt	180	181	spam	-1353.0430929068946	-1298.5396179557445	10.350257829959126	spam	1	59.796779775874484
../data/gen_spam/dev/spam/spam.183.078.txt	183	184	spam	-1317.585425685451	-1353.2089876267755	10.610151607258281	gen	0	30.33025711660025
../data/gen_spam/dev/spam/spam.193.070.txt	193	194	spam	-1376.2023414139192	-1309.2229963301081	9.736131568161014	spam	1	72.27264990853541
../data/gen_spam/dev/spam/spam.195.022.txt	195	196	spam	-1420.0430272128706	-1377.328466905491	10.13808647387628	spam	1	48.007865132103916
../data/gen_spam/dev/spam/spam.198.068.txt	198	199	spam	-1410.9780729640786	-259.5176880176985	1.8814315654578029	spam	1	1156.7536897711045
../data/gen_spam/dev/spam/spam.199.075.txt	199	200	spam	-1419.121008974511	-252.89193342987187	1.82422969120049	spam	1	1171.5223803693634
../data/gen_spam/dev/spam/spam.20.009.txt	20	21	spam	-143.84654073213275	-110.1371316382375	7.5663949348676285	spam	1	39.00271391861975
../data/gen_spam/dev/spam/spam.200.035.txt	200	201	spam	-1464.912446514332	-1332.7928930487528	9.566237300166618	spam	1	137.41285829030357
../data/gen_spam/dev/spam/spam.201.073.txt	201	202	spam	-1395.7949830071354	-229.61078583812886	1.6398927824915164	spam	1	1171.477501993731
../data/gen_spam/dev/spam/spam.203.069.txt	203	204	spam	-1365.1193763551905	-1417.3439437513325	10.023505288647321	gen	0	46.93126257141762
../data/gen_spam/dev/spam/spam.209.046.txt	209	210	spam	-1489.6338095171984	-1378.4771640442955	9.470105564501845	spam	1	116.44995029762731
../data/gen_spam/dev/spam/spam.214.010.txt	214	215	spam	-1510.679290731049	-1483.6570813313886	9.955649830774826	spam	1	32.31551422438474
../data/gen_spam/dev/spam/spam.219.018.txt	219	220	spam	-1471.9161223555247	-1391.9065095904928	9.127711903487594	spam	1	85.30291758975636
../data/gen_spam/dev/spam/spam.220.041.txt	220	221	spam	-1431.8105891041582	-1420.2027086235469	9.271128528453687	spam	1	16.90118530533573
../data/gen_spam/dev/spam/spam.220.042.txt	220	221	spam	-1422.2613485108811	-1411.184177225959	9.212255268166803	spam	1	16.37047610964646
../data/gen_spam/dev/spam/spam.2262.037.txt	2262	2263	spam	-15953.911097022426	-16171.90342710454	10.309820979239484	gen	0	212.6990252573887
../data/gen_spam/dev/spam/spam.23.079.txt	23	24	spam	-152.06563353288112	-125.48985060862174	7.5434827147898105	spam	1	31.869087748983887
../data/gen_spam/dev/spam/spam.239.059.txt	239	240	spam	-1773.6876809916075	-1787.2825519665846	10.743765309956512	gen	0	8.301566150252711
../data/gen_spam/dev/spam/spam.253.089.txt	253	254	spam	-1673.844374851685	-1493.1535654135655	8.480965527983566	spam	1	185.98411426284383
../data/gen_spam/dev/spam/spam.257.020.txt	257	258	spam	-1745.3013394590505	-1774.0952154304925	9.920458795993833	gen	0	23.500571146717675
../data/gen_spam/dev/spam/spam.272.044.txt	272	273	spam	-1975.3278140939776	-1948.8260676227742	10.29876081800189	spam	1	31.795051295927806
../data/gen_spam/dev/spam/spam.280.085.txt	280	281	spam	-2019.674616520169	-1927.4013971316936	9.895560275602683	spam	1	97.56652421319973
../data/gen_spam/dev/spam/spam.286.029.txt	286	287	spam	-2069.562788251946	-1972.2736004533688	9.914248580663052	spam	1	102.58249262330173
../data/gen_spam/dev/spam/spam.293.031.txt	293	294	spam	-2144.3914866472483	-1923.9507943636327	9.441068945383655	spam	1	225.73399710833996
../data/gen_spam/dev/spam/spam.293.033.txt	293	294	spam	-2143.244165724431	-1924.0742942074633	9.441674974677007	spam	1	224.4631763416919
../data/gen_spam/dev/spam/spam.305.024.txt	305	306	spam	-2083.8030368422646	-1984.0710157711667	9.354279134720883	spam	1	105.02532589582233
../data/gen_spam/dev/spam/spam.325.065.txt	325	326	spam	-2252.5734567783925	-2305.0285155249558	10.20077671305369	gen	0	47.16175392183868
../data/gen_spam/dev/spam/spam.35.077.txt	35	36	spam	-240.51073786445951	-240.191306440503	9.625633518509861	spam	1	5.612736248681017
../data/gen_spam/dev/spam/spam.36.083.txt	36	37	spam	-268.21081734169485	-223.88720822107928	8.729755811325024	spam	1	49.61691394534006
../data/gen_spam/dev/spam/spam.364.013.txt	364	365	spam	-2697.257595023267	-2653.4827001747617	10.48812693870352	spam	1	49.06819967323008
../data/gen_spam/dev/spam/spam.371.002.txt	371	372	spam	-2553.15592440537	-2676.6204794962	10.380502935782276	gen	0	118.17125026610529
../data/gen_spam/dev/spam/spam.4063.061.txt	4063	4064	spam	-29123.339388618882	-29492.59231036943	10.469689141026072	gen	0	363.95961692582205
../data/gen_spam/dev/spam/spam.4516.043.txt	4516	4517	spam	-29773.918657493305	-30734.582131449133	9.816389024758958	gen	0	955.3701691311035
../data/gen_spam/dev/spam/spam.457.054.txt	457	458	spam	-3211.9445840889653	-3293.578328720084	10.374736073414466	gen	0	76.34043980639399
../data/gen_spam/dev/spam/spam.4635.005.txt	4635	4636	spam	-32468.616412836545	-33263.81833460813	10.351498220959993	gen	0	789.9086169468537
../data/gen_spam/dev/spam/spam.481.066.txt	481	482	spam	-3304.5223405647157	-3187.570507355443	9.540855110883019	spam	1	122.24513803399714
../data/gen_spam/dev/spam/spam.5.004.txt	5	6	spam	-17.542641978569065	-8.030685179682765	1.9309716139448032	spam	1	14.805261623610793
../data/gen_spam/dev/spam/spam.5.008.txt	5	6	spam	-17.542641978569065	-8.030685179682765	1.9309716139448032	spam	1	14.805261623610793
../data/gen_spam/dev/spam/spam.5.030.txt	5	6	spam	-33.48201550408043	-37.249719557195675	8.956664279945139	spam	1	1.5256007716092412
../data/gen_spam/dev/spam/spam.52.032.txt	52	53	spam	-374.81580088178487	-371.1175795578287	10.102065879524432	spam	1	8.991526148680634
../data/gen_spam/dev/spam/spam.55.006.txt	55	56	spam	-461.0400922711458	-435.827617623441	11.227970404067673	spam	1	30.50577947242931
../data/gen_spam/dev/spam/spam.587.014.txt	587	588	spam	-3719.3021983273525	-3785.9445642483374	9.289053482859872	gen	0	61.34906109626036
../data/gen_spam/dev/spam/spam.62.021.txt	62	63	spam	-482.73365502893387	-487.89677111502465	11.172797653228313	spam	1	0.13018873863370573
../data/gen_spam/dev/spam/spam.621.001.txt	621	622	spam	-4513.378770785816	-4494.510486519258	10.4247716883035	spam	1	24.16158909128262
../data/gen_spam/dev/spam/spam.69.050.txt	69	70	spam	-476.0600123041907	-475.2132852576837	9.79411214294018	spam	1	6.140031871231486
../data/gen_spam/dev/spam/spam.73.003.txt	73	74	spam	-545.9744048613788	-536.6241992179724	10.461960419361892	spam	1	14.643510468130899
../data/gen_spam/dev/spam/spam.78.025.txt	78	79	spam	-494.26056332885815	-527.2589131918654	9.628782523119098	gen	0	27.705045038282833
../data/gen_spam/dev/spam/spam.8.081.txt	8	9	spam	-44.44664536043108	-42.29605112880527	6.780033690301489	spam	1	7.443899056350297
../data/gen_spam/dev/spam/spam.80.011.txt	80	81	spam	-531.9745762019986	-452.79782462179384	8.064804643298427	spam	1	84.47005640492932
../data/gen_spam/dev/spam/spam.81.087.txt	81	82	spam	-599.076217438851	-534.5227748778972	9.404309226323782	spam	1	69.84674738567833
../data/gen_spam/dev/spam/spam.8185.074.txt	8185	8186	spam	-42604.51810465076	-37558.38352378978	6.619263822816671	spam	1	5051.427885685705
../data/gen_spam/dev/spam/spam.87.055.txt	87	88	spam	-594.2106189999639	-626.6696173821474	10.273785787193274	gen	0	27.165693557459008
../data/gen_spam/dev/spam/spam.89.057.txt	89	90	spam	-670.456231152265	-272.30747468133785	4.365073814664035	spam	1	403.4420612956517
../data/gen_spam/dev/spam/spam.9.086.txt	9	10	spam	-30.99833630785177	-43.07118746804807	6.213858856535182	gen	0	6.779546335471814
../data/gen_spam/dev/spam/spam.91.036.txt	91	92	spam	-646.201857852524	-651.3836316721253	10.214651468800199	spam	1	0.11153100512319725
../data/gen_spam/dev/spam/spam.92.015.txt	92	93	spam	-635.3520576463931	-603.7451253916505	9.365807509284082	spam	1	36.90023707946705
../data/gen_spam/dev/spam/spam.94.056.txt	94	95	spam	-659.6626061808494	-692.2656782000703	10.512929062282911	gen	0	27.30976719449643
../data/gen_spam/dev/spam/spam.98.027.txt	98	99	spam	-760.3772437172657	-729.9184748847481	10.636866302721833	spam	1	35.752073657242136
